<?xml version="1.0" encoding="UTF-8"?>
<!DOCTYPE platform PUBLIC "-//NetBeans//DTD Java PlatformDefinition 1.0//EN" "http://www.netbeans.org/dtds/java-platformdefinition-1_0.dtd">
<platform default="no" name="JDK 1.7 (GlassFish)">
    <jdkhome>
        <resource>file:/usr/lib/jvm/jdk1.7.0_40/</resource>
    </jdkhome>
    <properties>
        <property name="platform.ant.name" value="JDK_1.7__GlassFish_"/>
    </properties>
    <sysproperties>
        <property name="awt.toolkit" value="sun.awt.X11.XToolkit"/>
        <property name="file.encoding" value="UTF-8"/>
        <property name="file.encoding.pkg" value="sun.io"/>
        <property name="file.separator" value="/"/>
        <property name="java.awt.graphicsenv" value="sun.awt.X11GraphicsEnvironment"/>
        <property name="java.awt.printerjob" value="sun.print.PSPrinterJob"/>
        <property name="java.class.path" value=""/>
        <property name="java.class.version" value="51.0"/>
        <property name="java.endorsed.dirs" value="/usr/lib/jvm/jdk1.7.0_40/jre/lib/endorsed"/>
        <property name="java.ext.dirs" value="/usr/lib/jvm/jdk1.7.0_40/jre/lib/ext:/usr/java/packages/lib/ext"/>
        <property name="java.home" value="/usr/lib/jvm/jdk1.7.0_40/jre"/>
        <property name="java.io.tmpdir" value="/tmp"/>
        <property name="java.library.path" value="/usr/lib/jvm/jdk1.7.0_40/jre/lib/amd64/server:/usr/lib/jvm/jdk1.7.0_40/jre/lib/amd64:/usr/lib/jvm/jdk1.7.0_40/jre/../lib/amd64:/usr/lib/jvm/java-6-sun-1.6.0.06/jre/lib/amd64/server:/usr/lib/jvm/java-6-sun-1.6.0.06/jre/lib/amd64:/usr/lib/jvm/java-6-sun-1.6.0.06/jre/../lib/amd64:/usr/lib/jvm/java-6-sun/jre/lib/amd64:/usr/lib/jvm/java-6-sun/jre/lib/i386::/usr/java/packages/lib/amd64:/usr/lib64:/lib64:/lib:/usr/lib"/>
        <property name="java.runtime.name" value="Java(TM) SE Runtime Environment"/>
        <property name="java.runtime.version" value="1.7.0_40-b43"/>
        <property name="java.specification.name" value="Java Platform API Specification"/>
        <property name="java.specification.vendor" value="Oracle Corporation"/>
        <property name="java.specification.version" value="1.7"/>
        <property name="java.vendor" value="Oracle Corporation"/>
        <property name="java.vendor.url" value="http://java.oracle.com/"/>
        <property name="java.vendor.url.bug" value="http://bugreport.sun.com/bugreport/"/>
        <property name="java.version" value="1.7.0_40"/>
        <property name="java.vm.info" value="mixed mode"/>
        <property name="java.vm.name" value="Java HotSpot(TM) 64-Bit Server VM"/>
        <property name="java.vm.specification.name" value="Java Virtual Machine Specification"/>
        <property name="java.vm.specification.vendor" value="Oracle Corporation"/>
        <property name="java.vm.specification.version" value="1.7"/>
        <property name="java.vm.vendor" value="Oracle Corporation"/>
        <property name="java.vm.version" value="24.0-b56"/>
        <property name="line.separator" value="&#10;"/>
        <property name="os.arch" value="amd64"/>
        <property name="os.name" value="Linux"/>
        <property name="os.version" value="3.5.0-40-generic"/>
        <property name="path.separator" value=":"/>
        <property name="sun.arch.data.model" value="64"/>
        <property name="sun.boot.class.path" value="/usr/lib/jvm/jdk1.7.0_40/jre/lib/resources.jar:/usr/lib/jvm/jdk1.7.0_40/jre/lib/rt.jar:/usr/lib/jvm/jdk1.7.0_40/jre/lib/sunrsasign.jar:/usr/lib/jvm/jdk1.7.0_40/jre/lib/jsse.jar:/usr/lib/jvm/jdk1.7.0_40/jre/lib/jce.jar:/usr/lib/jvm/jdk1.7.0_40/jre/lib/charsets.jar:/usr/lib/jvm/jdk1.7.0_40/jre/lib/jfr.jar:/usr/lib/jvm/jdk1.7.0_40/jre/classes"/>
        <property name="sun.boot.library.path" value="/usr/lib/jvm/jdk1.7.0_40/jre/lib/amd64"/>
        <property name="sun.cpu.endian" value="little"/>
        <property name="sun.cpu.isalist" value=""/>
        <property name="sun.io.unicode.encoding" value="UnicodeLittle"/>
        <property name="sun.java.command" value="org.netbeans.modules.java.j2seplatform.wizard.SDKProbe /tmp/nb-platformdetect21885properties"/>
        <property name="sun.java.launcher" value="SUN_STANDARD"/>
        <property name="sun.jnu.encoding" value="UTF-8"/>
        <property name="sun.management.compiler" value="HotSpot 64-Bit Tiered Compilers"/>
        <property name="sun.os.patch.level" value="unknown"/>
        <property name="user.country" value="CN"/>
        <property name="user.dir" value=""/>
        <property name="user.home" value="/home/gaubee"/>
        <property name="user.language" value="zh"/>
        <property name="user.name" value="gaubee"/>
        <property name="user.timezone" value="Asia/Shanghai"/>
    </sysproperties>
    <javadoc>
        <resource>http://download.oracle.com/javase/7/docs/api/</resource>
    </javadoc>
</platform>
